{
  "hash": "6982eab0",
  "configHash": "c75b9691",
  "lockfileHash": "821fe57d",
  "browserHash": "c3b922d0",
  "optimized": {
    "@angular/common": {
      "src": "../../../../../../node_modules/@angular/common/fesm2022/common.mjs",
      "file": "@angular_common.js",
      "fileHash": "89b06d7e",
      "needsInterop": false
    },
    "@angular/common/http": {
      "src": "../../../../../../node_modules/@angular/common/fesm2022/http.mjs",
      "file": "@angular_common_http.js",
      "fileHash": "37fd923e",
      "needsInterop": false
    },
    "@angular/core": {
      "src": "../../../../../../node_modules/@angular/core/fesm2022/core.mjs",
      "file": "@angular_core.js",
      "fileHash": "e4cf28d3",
      "needsInterop": false
    },
    "@angular/forms": {
      "src": "../../../../../../node_modules/@angular/forms/fesm2022/forms.mjs",
      "file": "@angular_forms.js",
      "fileHash": "6af694c1",
      "needsInterop": false
    },
    "@angular/platform-browser": {
      "src": "../../../../../../node_modules/@angular/platform-browser/fesm2022/platform-browser.mjs",
      "file": "@angular_platform-browser.js",
      "fileHash": "97d53db9",
      "needsInterop": false
    },
    "@angular/router": {
      "src": "../../../../../../node_modules/@angular/router/fesm2022/router.mjs",
      "file": "@angular_router.js",
      "fileHash": "70d1d518",
      "needsInterop": false
    }
  },
  "chunks": {
    "chunk-645HNH4J": {
      "file": "chunk-645HNH4J.js"
    },
    "chunk-3EKXQHHC": {
      "file": "chunk-3EKXQHHC.js"
    },
    "chunk-H5FHZ246": {
      "file": "chunk-H5FHZ246.js"
    },
    "chunk-FEKN3U2S": {
      "file": "chunk-FEKN3U2S.js"
    }
  }
}